{
 "meta": {
  "module": "oasis-open.org/openc2/oc2ls/v1.0/oc2ls-v1.0",
  "patch": "0+slpf.merged",
  "title": "OpenC2 Language Objects",
  "description": "OpenC2 Language content used by Stateless Packet Filters.",
  "exports": ["OpenC2-Command", "OpenC2-Response"]
 },
 "types": [
   ["OpenC2Object", "Choice", [], "", [
    [1, "command", "OpenC2Command", [], ""],
    [2, "response", "OpenC2Response", [], ""],
    [3, "alert", "OpenC2Alert", [], ""]]
  ],

  ["OpenC2-Command", "Record", [], "", [
    [1, "action", "Action", [], ""],
    [2, "target", "Target", [], ""],
    [3, "args", "Args", ["[0"], ""],
    [4, "actuator", "Actuator", ["[0"], ""]
  ]],

   ["OpenC2Response", "Record", [], "", [
    [1, "status", "status-code", [], "Adapted from HTTP Status Codes, RFC 7231"],
    [2, "statusText", "String", ["?"], "Status description"],
    [3, "response_src", "device-id", ["?"], "ID of the responder/actuator"],
    [4, "command_ref", "command-id", ["?"], "Command unique identifier, from \"command_id\" modifier"],
    [5, "results", "results", ["?"], "Results of executing the command"]]
  ],

  ["OpenC2Alert", "Record", [], "", [
    [1, "message", "String", [], ""]]
  ],
  ["Action", "Enumerated", [], "", [
    [3, "query", "",["features"]],
    [6, "deny", "",["ip_addr","ip_connection","uri"]],
    [8, "allow", "",["ip_addr","ip_connection","uri"]],
    [16, "update", "",["file"]],
    [20, "delete", "",["slpf"]],
    [21,"save","",["slpf"]],
    [22,"start","",["slpf"]],
    [23,"stop","",["slpf"]]
  ]],
  ["Target", "Choice", [], "", [
    [16, "features", "features", [], ""],
    [10, "file", "file", [], ""],
    [11, "ip_addr", "ip_addr", [], ""],
    [15, "ip_connection", "ip_connection", [], ""],
    [1024, "slpf", "slpf", [], ""],
    [1, "uri", "uri", [], ""]
  ]],
  ["Actuator", "Choice", [], "", [
    [1024, "network-firewall", "slpf:Specifiers", [], ""]
  ]],
   ["ActuatorSpecifiers", "Record", [], "", [
    [1, "actuator_id", "url", ["?"], ""]
   ]],
  ["Args", "Map", [], "", [
    [1, "start_time", "Date-Time", ["[0"], ""],
    [2, "stop_time", "Date-Time", ["[0"], ""],
    [3, "duration", "Duration", ["[0"], ""],
    [4, "response_requested", "Response-Type", ["[0"], ""],
    [1024, "slpf", "slpf:Args", ["[0"], ""]
  ]],
  ["OpenC2-Response", "Map", [], "", [
    [1, "status", "Status-Code", ["[0"], ""],
    [2, "status_text", "String", ["[0"], ""],
    [6, "versions", "Version", ["[0", "]0"], ""],
    [7, "profiles", "jadn:Uname", ["[0", "]0"], ""],
    [8, "schema", "jadn:Schema", ["[0"], ""],
    [9, "pairs", "Action-Targets", ["[0", "]0"], ""],
    [10, "rate_limit", "Number", ["[0"], ""],
    [1024, "slpf", "slpf:Results", ["[0"], ""]
  ]],
  ["Status-Code", "Enumerated", ["="], "", [
    [102, "Processing", ""],
    [200, "OK", ""],
    [301, "Moved Permanently", ""],
    [400, "Bad Request", ""],
    [401, "Unauthorized", ""],
    [403, "Forbidden", ""],
    [404, "Not Found", ""],
    [500, "Internal Error", ""],
    [501, "Not Implemented", ""],
    [503, "Service Unavailable", ""]
  ]],
  ["file", "Map", [], "", [
    [1, "name", "String", ["[0"], ""],
    [2, "path", "String", ["[0"], ""],
    [3, "hashes", "Hashes", ["[0"], ""]
  ]],
  ["uri", "String", [], ""],
  ["ip_addr", "String", ["@ip-addr"], ""],
  ["ip_connection", "Record", [], "", [
    [1, "src_addr", "IP-Addr", ["[0"], ""],
    [2, "src_port", "Port", ["[0"], ""],
    [3, "dst_addr", "IP-Addr", ["[0"], ""],
    [4, "dst_port", "Port", ["[0"], ""],
    [5, "protocol", "L4-Protocol", ["[0"], ""]
  ]],
  ["Request-Id", "Binary", [], ""],
  ["Date-Time", "Integer", [], ""],
  ["Duration", "Integer", [], ""],
  ["hashes", "Map", [], "", [
    [1, "md5", "Binary", ["[0"], ""],
    [4, "sha1", "Binary", ["[0"], ""],
    [6, "sha256", "Binary", ["[0"], ""]
  ]],
  ["L4-Protocol", "Enumerated", [], "", [
    [1, "icmp", ""],
    [6, "tcp", ""],
    [17, "udp", ""],
    [132, "sctp", ""]
  ]],
  ["Port", "Integer", ["[0", "]65535"], ""],
  ["features", "Map", [], "", [
    [1, "versions", ""],
    [2, "profiles", ""],
    [3, "schema", ""],
    [4, "pairs", ""],
    [5, "rate_limit", ""]
  ]],
  ["Response-Type", "Enumerated", [], "", [
    [0, "none", ""],
    [1, "ack", ""],
    [2, "status", ""],
    [3, "complete", ""]
  ]],
  ["Version", "String", [], ""],
  ["Action-Targets", "Array", [], "", [
    [1, "action", "Action", [], ""],
    [2, "targets", "Target", ["]0", "*"], ""]
  ]],
  ["slpf", "Choice", [], "", [
    [1, "rule_number", "slpf:Rule-ID", [], ""]
  ]],
  ["slpf:Args", "Map", [], "", [
    [1, "drop_process", "slpf:Drop-Process", ["[0"], ""],
    [2, "running", "Boolean", ["[0"], ""],
    [3, "direction", "slpf:Direction", ["[0"], ""],
    [4, "insert_rule", "slpf:Rule-ID", ["[0"], ""]
  ]],
  ["slpf:Drop-Process", "Enumerated", [], "", [
    [1, "none", ""],
    [2, "reject", ""],
    [3, "false_ack", ""]
  ]],
  ["slpf:Direction", "Enumerated", [], "", [
    [1, "ingress", ""],
    [2, "egress", ""]
  ]],
  ["slpf:Rule-ID", "Integer", [], ""],
  ["slpf:Specifiers", "Map", [], "", [
    [1, "hostname", "String", ["[0"], ""],
    [2, "named_group", "String", ["[0"], ""],
    [3, "asset_id", "String", ["[0"], ""],
    [4, "asset_tuple", "String", ["[0", "]10"], ""]
  ]],
  ["slpf:Results", "Map", [], "", [
    [1, "rule_number", "slpf:Rule-ID", ["[0"], ""]
  ]],
  ["jadn:Schema", "Record", [], "", [
    [1, "meta", "jadn:Meta", [], ""],
    [2, "types", "jadn:Type", ["]0"], ""]
  ]],
  ["jadn:Meta", "Map", [], "", [
    [1, "module", "jadn:Uname", [], ""],
    [2, "patch", "String", ["[0"], ""],
    [3, "title", "String", ["[0"], ""],
    [4, "description", "String", ["[0"], ""],
    [5, "imports", "jadn:Import", ["[0", "]0"], ""],
    [6, "exports", "jadn:Identifier", ["[0", "]0"], ""],
    [7, "bounds", "jadn:Bounds", ["[0"], ""]
  ]],
  ["jadn:Import", "Array", [], "", [
    [1, "nsid", "jadn:Nsid", [], ""],
    [2, "uname", "jadn:Uname", [], ""]
  ]],
  ["jadn:Bounds", "Array", [], "", [
    [1, "max_msg", "Integer", [], ""],
    [2, "max_str", "Integer", [], ""],
    [3, "max_bin", "Integer", [], ""],
    [4, "max_fields", "Integer", [], ""]
  ]],
  ["jadn:Type", "Array", [], "", [
    [1, "tname", "jadn:Identifier", [], ""],
    [2, "btype", "jadn:JADN-Type", ["*"], ""],
    [3, "opts", "jadn:Option", ["]0"], ""],
    [4, "desc", "String", [], ""],
    [5, "fields", "jadn:JADN-Type", ["&btype", "]0"], ""]
  ]],
  ["jadn:JADN-Type", "Choice", [], "", [
    [1, "Binary", "Null", [], ""],
    [2, "Boolean", "Null", [], ""],
    [3, "Integer", "Null", [], ""],
    [4, "Number", "Null", [], ""],
    [5, "Null", "Null", [], ""],
    [6, "String", "Null", [], ""],
    [7, "Array", "jadn:FullField", ["]0"], ""],
    [8, "ArrayOf", "Null", [], ""],
    [9, "Choice", "jadn:FullField", ["]0"], ""],
    [10, "Enumerated", "jadn:EnumField", ["]0"], ""],
    [11, "Map", "jadn:FullField", ["]0"], ""],
    [12, "Record", "jadn:FullField", ["]0"], ""]
  ]],
  ["jadn:EnumField", "Array", [], "", [
    [1, "", "Integer", [], ""],
    [2, "", "String", [], ""],
    [3, "", "String", [], ""]
  ]],
  ["jadn:FullField", "Array", [], "", [
    [1, "", "Integer", [], ""],
    [2, "", "jadn:Identifier", [], ""],
    [3, "", "jadn:Identifier", [], ""],
    [4, "", "jadn:Options", [], ""],
    [5, "", "String", [], ""]
  ]],
  ["jadn:Identifier", "String", ["$^[a-zA-Z][\\w-]*$", "[1", "]32"], ""],
  ["jadn:Nsid", "String", ["$^[a-zA-Z][\\w-]*$", "[1", "]8"], ""],
  ["jadn:Uname", "String", ["[1", "]100"], ""],
  ["jadn:Options", "ArrayOf", ["*jadn:Option", "[0", "]10"], ""],
  ["jadn:Option", "String", ["[1", "]100"], ""]
 ]
 }